{"schemaVersion":"1.0","appDefinitionTemplate":{"id":"/providers/Microsoft.PowerApps/apps/","type":"Microsoft.PowerApps/apps","tags":{"minimumRequiredApiVersion":"2.2.0"},"properties":{"appVersion":"2020-01-21T04:19:38Z","lifeCycleId":"Published","createdByClientVersion":{"major":3,"minor":19121,"build":12,"revision":0,"majorRevision":0,"minorRevision":0},"minClientVersion":{"major":3,"minor":19121,"build":12,"revision":0,"majorRevision":0,"minorRevision":0},"backgroundColor":"rgba(0, 99, 177, 1)","backgroundImageUri":"/18118667509100762107/N9d27b29e-e1bd-4cca-ac78-2abf2bb9efdc-logoSmallFile","displayName":"Time Away","description":"","commitMessage":"","appUris":{"documentUri":{"value":"/18118667509100762107/N23144d72-2b88-45ec-b71c-77b5a844988a-document.msapp","readonlyValue":"/18118667509100762107/N23144d72-2b88-45ec-b71c-77b5a844988a-document.msapp"},"imageUris":[]},"createdTime":"0001-01-01T00:00:00Z","lastModifiedTime":"0001-01-01T00:00:00Z","sharedGroupsCount":0,"sharedUsersCount":0,"icons":{"smallIconUri":"/18118667509100762107/N72caf34e-161b-426d-85e2-410152635cf7-small.png","mediumIconUri":"/18118667509100762107/N144f89ad-4f17-482c-a10d-b17a69e59bf8-medium.png","largeIconUri":"/18118667509100762107/Nbfaa14dc-f320-4243-96ba-5077a0e330aa-large.png","wideIconUri":"/18118667509100762107/N8114c722-54b4-43a2-8bb6-ab163e23e6fe-wide.png"},"connectionReferences":{"59d4a1c4-dd55-449d-bdda-fe36e98d9e6a":{"id":"5c828ec7-ea9f-4229-a37e-b3336d2721b8","displayName":"SharePoint","iconUri":"https://connectoricons-prod.azureedge.net/sharepointonline/icon_1.0.1278.1753.png","dataSources":["Time Off Types","Time Off Requests","Time Off Balances","TimeOffApprovers"],"dependencies":[],"dependents":[],"parameterHints":{},"isOnPremiseConnection":false,"bypassConsent":false,"dataSets":{"https://axecapitalcorp.sharepoint.com/sites/HR":{"dataSources":{"Time Off Types":{"tableName":"f7bd92ad-6df3-4374-a878-d5277e88eeef"},"Time Off Requests":{"tableName":"1e644e28-bbbf-4fde-a32c-3155c9881a4e"},"Time Off Balances":{"tableName":"54be2add-6140-4fa9-a122-cde02bbc37a1"},"TimeOffApprovers":{"tableName":"7d8ed159-1cf6-4b02-9471-920f93aab279"}}}},"apiTier":"Standard","isCustomApiConnection":false}},"databaseReferences":{},"almMode":"Environment","performanceOptimizationEnabled":false,"canConsumeAppPass":true},"isAppComponentLibrary":false,"appComponents":[]}}