{"schemaVersion":"1.0","appDefinitionTemplate":{"id":"/providers/Microsoft.PowerApps/apps/","type":"Microsoft.PowerApps/apps","tags":{"primaryDeviceWidth":"1366","primaryDeviceHeight":"768","sienaVersion":"20200429T221312Z-3.20023.8.0","deviceCapabilities":"","supportsPortrait":"false","supportsLandscape":"true","primaryFormFactor":"Tablet","publisherVersion":"3.20023.8","minimumRequiredApiVersion":"2.2.0","hasComponent":"true","hasUnlockedComponent":"true"},"properties":{"appVersion":"2020-04-29T22:13:12Z","lifeCycleId":"Published","createdByClientVersion":{"major":3,"minor":20023,"build":8,"revision":0,"majorRevision":0,"minorRevision":0},"minClientVersion":{"major":3,"minor":20023,"build":8,"revision":0,"majorRevision":0,"minorRevision":0},"backgroundColor":"rgba(142, 140, 216, 1)","backgroundImageUri":"/48309760849320867/N04f96108-717b-4c54-a788-fabe75a61551-logoSmallFile","displayName":"Teams Provisioning Tool Admin","description":"An app to submit requests for new teams.","commitMessage":"","appUris":{"documentUri":{"value":"/48309760849320867/Nd8fcc845-5c57-4906-ab14-c22d2c2f94a6-document.msapp","readonlyValue":"/48309760849320867/Nd8fcc845-5c57-4906-ab14-c22d2c2f94a6-document.msapp"},"imageUris":[]},"createdTime":"0001-01-01T00:00:00Z","lastModifiedTime":"0001-01-01T00:00:00Z","sharedGroupsCount":0,"sharedUsersCount":0,"icons":{"smallIconUri":"/48309760849320867/N9668bde1-b8c2-494f-b50a-47fad9039513-small.png","mediumIconUri":"/48309760849320867/Nbd934f8e-a748-45fc-86fd-84c9d0331985-medium.png","largeIconUri":"/48309760849320867/Nc5fac002-19a0-4cb1-94e8-405978ac05fb-large.png","wideIconUri":"/48309760849320867/N2704103a-1649-496e-aace-ea6b03fabcf5-wide.png"},"connectionReferences":{"5bd93f18-bfe6-4d82-b368-49b17e27031f":{"id":"b3c49cf6-afcc-453c-8c01-a6c7315a149e","displayName":"Microsoft Teams","iconUri":"https://connectoricons-prod.azureedge.net/teams/icon_1.0.1335.1964.png","dataSources":["MicrosoftTeams"],"dependencies":[],"dependents":[],"parameterHints":{},"isOnPremiseConnection":false,"bypassConsent":false,"dataSets":{},"apiTier":"Standard","isCustomApiConnection":false},"38e9d61c-be47-4730-962d-7cbc271b3379":{"id":"7655b0f3-ffba-4577-80a5-3ffec520e64b","displayName":"Office 365 Users","iconUri":"https://connectoricons-prod.azureedge.net/office365users/icon_1.0.1335.1964.png","dataSources":["Office365Users"],"dependencies":[],"dependents":[],"parameterHints":{},"isOnPremiseConnection":false,"bypassConsent":false,"dataSets":{},"apiTier":"Standard","isCustomApiConnection":false},"9b8feb3c-4c13-4264-b9c6-8cbc5487dd89":{"id":"8c8711d0-8e5d-4817-a200-de14ab9379c6","displayName":"SharePoint","iconUri":"https://connectoricons-prod.azureedge.net/sharepointonline/icon_1.0.1329.1953.png","dataSources":["TeamsRequests","TeamsGovernance"],"dependencies":[],"dependents":[],"parameterHints":{},"isOnPremiseConnection":false,"bypassConsent":false,"dataSets":{"https://axecapitalcorp.sharepoint.com/sites/IT":{"dataSources":{"TeamsRequests":{"tableName":"3ad32e93-1ea6-49fe-a314-d2e692d8b7ff"},"TeamsGovernance":{"tableName":"c8f58d4b-d606-4925-943b-a60f696d42bd"}}}},"apiTier":"Standard","isCustomApiConnection":false}},"databaseReferences":{},"almMode":"Environment","performanceOptimizationEnabled":false,"canConsumeAppPass":true},"isAppComponentLibrary":false,"appType":"ClassicCanvasApp","appComponents":[]}}