{"schemaVersion":"1.0","appDefinitionTemplate":{"id":"/providers/Microsoft.PowerApps/apps/","type":"Microsoft.PowerApps/apps","tags":{"minimumRequiredApiVersion":"2.2.0"},"properties":{"appVersion":"2020-01-18T02:14:40Z","lifeCycleId":"Published","createdByClientVersion":{"major":3,"minor":19121,"build":12,"revision":0,"majorRevision":0,"minorRevision":0},"minClientVersion":{"major":3,"minor":19121,"build":12,"revision":0,"majorRevision":0,"minorRevision":0},"backgroundColor":"rgba(165, 34, 55, 1)","backgroundImageUri":"/4397979464745252537/Nfb66435e-f42a-4885-814d-38689f219059-logoSmallFile","displayName":"Time Entry - Teams","description":"","commitMessage":"","appUris":{"documentUri":{"value":"/4397979464745252537/Nba828ad8-50f3-44cc-ac51-05c574ed01db-document.msapp","readonlyValue":"/4397979464745252537/Nba828ad8-50f3-44cc-ac51-05c574ed01db-document.msapp"},"imageUris":[]},"createdTime":"0001-01-01T00:00:00Z","lastModifiedTime":"0001-01-01T00:00:00Z","sharedGroupsCount":0,"sharedUsersCount":0,"icons":{"smallIconUri":"/4397979464745252537/N72f3c259-8b4a-428d-bdd7-cf88c77f23fe-small.png","mediumIconUri":"/4397979464745252537/N51e78325-7343-4ffa-9de0-f3d5c91d1088-medium.png","largeIconUri":"/4397979464745252537/N49b5b2a0-a3d5-46dd-ab9e-f380dcfc91fe-large.png","wideIconUri":"/4397979464745252537/N1a06885c-84f7-4ba6-90c4-de6469cf5395-wide.png"},"connectionReferences":{"2fb0def9-fbf1-418d-b8a3-b714e26ac111":{"id":"5c828ec7-ea9f-4229-a37e-b3336d2721b8","displayName":"SharePoint","iconUri":"https://connectoricons-prod.azureedge.net/sharepointonline/icon_1.0.1278.1753.png","dataSources":["Timesheets","Clients","Projects","Tasks","TimeOffApprovers"],"dependencies":[],"dependents":[],"parameterHints":{},"isOnPremiseConnection":false,"bypassConsent":false,"dataSets":{"https://axecapitalcorp.sharepoint.com/sites/HR":{"dataSources":{"Timesheets":{"tableName":"cd9d98b0-53e8-4196-89d5-5e9a989138cc"},"Clients":{"tableName":"c205a8a7-c623-4896-8cf0-a6492466d7e1"},"Projects":{"tableName":"d5dc2392-e9f5-4041-8924-cb58994b2077"},"Tasks":{"tableName":"982c38ba-8cc6-4a9a-8407-be840fca2746"},"TimeOffApprovers":{"tableName":"7d8ed159-1cf6-4b02-9471-920f93aab279"}}}},"apiTier":"Standard","isCustomApiConnection":false},"4bcada65-cbf6-41eb-8da2-82f3efe79b9c":{"id":"43f52455-a638-4f16-9b12-d894e71b23ae","displayName":"Office 365 Users","iconUri":"https://connectoricons-prod.azureedge.net/office365users/icon_1.0.1293.1804.png","dataSources":["Office365Users"],"dependencies":[],"dependents":[],"parameterHints":{},"isOnPremiseConnection":false,"bypassConsent":false,"dataSets":{},"apiTier":"Standard","isCustomApiConnection":false}},"databaseReferences":{},"almMode":"Environment","performanceOptimizationEnabled":false,"canConsumeAppPass":true},"isAppComponentLibrary":false,"appComponents":[]}}